type,version,timestamp
serverVersion,1846688,1757445251
serverVersion,1853438,1758044179
assetVersion,36544,1758130697
latestLocalizationBundleVersion,GK7HUbK7TuubpGVdAKHmDQ,1758133319
latestGamedataVersion,0.37.0:7EGh-DzFSkGnw1EM644R5Q,1758133405
latestGamedataVersion,0.37.0:0STBTgioTPCH8u3mqvYotw,1758219734
latestGamedataVersion,0.37.0:LbGZ95TUS-W34i-fIm6DIA,1758316240
serverVersion,1859342,1758652425
serverVersion,1864173,1759255607
assetVersion,36546,1759339155
latestLocalizationBundleVersion,ITMrP5GjQUKeoJhsgOSBNA,1759342759
latestGamedataVersion,0.37.0:mZUWXT6WR7KhN9WFsYCfNA,1759342761
latestGamedataVersion,0.37.0:zDL7BaE_R4OP-cuqvjPqIQ,1759429115
latestGamedataVersion,0.37.0:siY-7g7ETs6TYA1Vqs19iA,1759793446
serverVersion,1869712,1759858539
serverVersion,1877381,1760466137
assetVersion,36648,1760552273
latestLocalizationBundleVersion,aYikq7uoTaqUZTVn1BDwjA,1760552273
latestGamedataVersion,0.37.0:gC-zp4MPTL-c87feOemhoQ,1760552276
latestGamedataVersion,0.37.2:sGRCL6E9QiinHVYB4zgQXg,1760565632
latestGamedataVersion,0.37.2:5q-AzLr4QEWPIarspopcSw,1761758717
serverVersion,1883860,1761758717
assetVersion,36550,1761761998
latestLocalizationBundleVersion,uz-i6W5KQlyl75U9v6P9tA,1761761999
latestGamedataVersion,0.37.2:0A5mXbHRTBeRRoopUhDHoA,1761762002
assetVersion,36551,1761934058
latestGamedataVersion,0.37.2:7zEc3KFqTvWXhLJ5-C6FVQ,1761934964
serverVersion,1888334,1762281416
assetVersion,36600,1762359257
assetVersion,36600,1762359258
assetVersion,36552,1762968301
serverVersion,1896312,1762970125
latestLocalizationBundleVersion,Mxc7al8URc2dKPdk0dG45g,1762977676
latestGamedataVersion,0.37.2:QOLaiJdnTrG_Bk3U253Lbg,1762977679
assetVersion,3800,1762988891
assetVersion,3800,1762988892
serverVersion,1903426,1763486471
assetVersion,3802,1763490784
assetVersion,3802,1763490785
latestLocalizationBundleVersion,6LHYMukKRkuqzfQDijK3kA,1763502005
latestGamedataVersion,0.38.0:KDuvfVL0Tjuhf1TOLAuFyQ,1763502007
latestGamedataVersion,0.38.0:poSnLy8XTGWSmI9QiivG7g,1763593486
serverVersion,1908530,1763664761
latestGamedataVersion,0.38.0:kJd8TRWGSdSw49VXyqk25g,1763677848
assetVersion,36554,1764104352
latestLocalizationBundleVersion,uzGy4k4URUu4jpfekh7GMQ,1764104353
latestGamedataVersion,0.38.1:tRRP1Q9rRiOiE1suT9tJ3g,1764104356
serverVersion,1912016,1764104356
serverVersion,1912851,1764187265
serverVersion,1913178,1764700416
latestGamedataVersion,0.38.1:9laYp-b0QGGLmUAD5vsqog,1764716638
latestGamedataVersion,0.38.1:1owqPuppS8i7nG47T3kwtQ,1764802924
serverVersion,1921596,1765310638
assetVersion,36556,1765386955
latestLocalizationBundleVersion,zmXxd_-dQ_mKpYHO1Bp0dg,1765394029
latestGamedataVersion,0.38.1:suu-U7YAQHy_QuzKDIvqNw,1765394039
latestLocalizationBundleVersion,mpomIBgkS_CFcTWMxKn5ZA,1765563842
latestGamedataVersion,0.38.1:KXhT2Xh5TDyolkfWbMedww,1765563845
serverVersion,1926429,1765919080
assetVersion,36557,1765989671
latestLocalizationBundleVersion,r6ulOw_9Q9GoTQF2bHjCVg,1765999668
latestGamedataVersion,0.38.1:TWwbNLRPQ66Fmd2tgRdweg,1765999671
latestGamedataVersion,0.38.1:VyOEKFyATpWdSS14sGtpUw,1766013830
serverVersion,1928540,1766095611
latestGamedataVersion,0.38.1:KAJDuVTFQ2exMrJYRhIIQA,1766113019
serverVersion,1928743,1766113019
serverVersion,1929214,1766178622
latestGamedataVersion,0.38.1:So2YPkkwQNi9kRKsi4dIwQ,1766182226
assetVersion,36558,1767821988
latestLocalizationBundleVersion,QQRaQGtnRs-HOXKys2rIOg,1767825023
latestGamedataVersion,0.38.1:3e_QRgUXSNuWhE58VWsixQ,1767825026
serverVersion,1935525,1768328740
serverVersion,1938901,1768934818
assetVersion,36560,1769034674
latestLocalizationBundleVersion,xsbTjpVgSqqF2GzhzPQ8pA,1769035728
latestGamedataVersion,0.38.1:1V3o5f3dRKCylM0h0XFOvA,1769035729
serverVersion,1943044,1769542306
latestLocalizationBundleVersion,JWzlA16TSyWbj7ysCAJc1w,1769639315
latestGamedataVersion,0.38.1:l1lkwTLHTsS7bK3Mccy_nA,1769639316
assetVersion,38500,1769641222
assetVersion,38500,1769641223
serverVersion,1949701,1769914248
assetVersion,100018,1770232682
latestLocalizationBundleVersion,5L8y-3zUQfqrXv5XHeItwg,1770232682
latestGamedataVersion,0.38.1:dUiVDnEtQBq3JmZaaDegBA,1770232683
latestGamedataVersion,0.38.5:dUiVDnEtQBq3JmZaaDegBA,1770232841
latestLocalizationBundleVersion,rrgU0JvgQXSAa_kWBjmlnQ,1770319115
latestGamedataVersion,0.38.5:_3qaput9TJG2nFtqArX92A,1770319117
serverVersion,1950548,1770748597
serverVersion,1953892,1770922889
serverVersion,1953903,1771358851
assetVersion,100020,1771448798
latestLocalizationBundleVersion,s8aGztRYRHC6MU_9svL4gw,1771453048
latestGamedataVersion,0.38.5:bsQwoUDbRAaVJe79Wld1KA,1771453547
serverVersion,1961152,1771961270
serverVersion,1962453,1771972490
latestLocalizationBundleVersion,0SCpjxQsQcyPBxbiH-M9GA,1772051228
latestGamedataVersion,0.38.5:BAblCxlQS0SgK1xnaPAuYw,1772051230
assetVersion,3900,1772053918
assetVersion,3900,1772053918
latestLocalizationBundleVersion,43Y_nhWtRECsdfk1NON7UA,1772492511
latestGamedataVersion,0.38.5:IOXy98dSQOORmM_RnvW89g,1772492513
serverVersion,1962732,1772565483
assetVersion,100022,1772650142
latestLocalizationBundleVersion,RSOO0NSDQzipTecUMW5M7Q,1772651836
latestGamedataVersion,0.39.0:wRtxHDfqRs2khFM2WxTzug,1772651838
serverVersion,1967316,1773162655
serverVersion,1975533,1773768338
assetVersion,100024,1773851715
latestLocalizationBundleVersion,lOmSLqezQkqGTAu3_Nws2g,1773857869
latestGamedataVersion,0.39.0:nV9ahTthTZiZCiNFwZoFQg,1773857872
serverVersion,1982662,1774374097
latestGamedataVersion,0.39.0:zUOCztN5TOG-kYgwVM_7qg,1774390772
serverVersion,1984524,1774977160
assetVersion,100026,1775065057
latestLocalizationBundleVersion,P_yf_36LStmQiockGNb-qg,1775067544
latestGamedataVersion,0.39.0:xg60CirrTRCsYIxz7VdqMg,1775067545
latestGamedataVersion,0.39.0:0QZ2Pd21S9KcVGnZo0wvKQ,1775511866
serverVersion,1991217,1775595208
serverVersion,1993576,1775604609
latestGamedataVersion,0.39.0:JKHTS9feTWa4LeGS6MOn9Q,1775770898
serverVersion,1997589,1776198535
assetVersion,100028,1776272728
latestLocalizationBundleVersion,ahW9F0k7T96kS6EOL4zk8Q,1776277129
latestGamedataVersion,0.39.0:Zte4-Jf1ThuvoG_6SNTIag,1776277131
serverVersion,2000226,1776806920
latestLocalizationBundleVersion,xfwxgkdGSVqjxczkfLpGJg,1776889511
latestGamedataVersion,0.39.0:32RngVaDRb6c8W_zyAixBA,1776889513
assetVersion,4000,1776895391
assetVersion,4000,1776895392
serverVersion,2005182,1777398949
assetVersion,100030,1777493473
latestLocalizationBundleVersion,_COyvJAfRQyjYW3Uf0ZVHQ,1777497514
latestGamedataVersion,0.40.0:30-frL3-TTeB5UiPSXKHrA,1777497519
latestGamedataVersion,0.40.0:iPgzQnX-Q1mzk0Wk_3j_Qw,1777586353
latestGamedataVersion,0.40.0:DcBXZIh6R6SdBB8JyKvtZw,1777998045
serverVersion,2008649,1778001991
latestGamedataVersion,0.40.0:dWwksRFhTjm9mGX0bfyR8g,1778015635
serverVersion,2010636,1778272105
latestGamedataVersion,0.40.0:ijIlVG1dT_CkLfUHkM1hbg,1778275884
serverVersion,2012548,1778632360
assetVersion,100032,1778702694
latestLocalizationBundleVersion,WSWBlc5bTLG5Mw6aKgrQjA,1778703462
latestGamedataVersion,0.40.0:FojpBhbzT4iFjSNHM0xH8g,1778703464
assetVersion,40100,1779125482
assetVersion,40100,1779125483
serverVersion,2012963,1779216689
latestLocalizationBundleVersion,ZNPmxSN7TLeWC3tH6Ui7NA,1779224582
assetVersion,40102,1779224887
latestGamedataVersion,0.40.1:5vtPG_2GT5m6B4z1ZD8inQ,1779224888
serverVersion,2017265,1779816410
assetVersion,100035,1779906192
latestLocalizationBundleVersion,Dd3CijBEQ3KS6PSznNzAlg,1779906193
latestGamedataVersion,0.40.1:JOjlzxFcTb2_P0GEVicgSw,1779906207
serverVersion,2026379,1780421761
serverVersion,2026766,1781026563
assetVersion,100036,1781106121
latestLocalizationBundleVersion,EjYA-BmyQUC7NrdNcr4n2w,1781113676
latestGamedataVersion,0.40.1:EiuxCsSCTA-33mq6VunLBw,1781113841
latestGamedataVersion,0.40.1:PuKduD6mQIeRNGOg92yRHg,1781119834
serverVersion,2032693,1781630670
latestLocalizationBundleVersion,c0JeoyCcSSyqg04sUHXmmw,1781720394
latestGamedataVersion,0.40.1:S4bQ_g4RQdqDt2re7z4J3g,1781720404
assetVersion,40200,1781730872
assetVersion,40200,1781730873
serverVersion,2038009,1782254010
assetVersion,100038,1782329870
latestLocalizationBundleVersion,yvwtIoegQyarRXq4Bgn8fQ,1782330638
latestGamedataVersion,0.40.1:qeZtXny7Rzie4WRsbuNZQA,1782330649
assetVersion,40201,1782418790
assetVersion,40201,1782418791
assetVersion,100039,1782745979
latestLocalizationBundleVersion,V8vEHvLdQn2qCusMZcLiww,1782757045
latestGamedataVersion,0.40.1:Ye7X8XSqSUmdSqhKsISpTA,1782757055
serverVersion,2040123,1782839956
serverVersion,2041224,1782865965
latestLocalizationBundleVersion,w_lTSwhYRHKo23Q3uqtrtw,1783359663
serverVersion,2042015,1783444530
assetVersion,100040,1783532109
assetVersion,40202,1783532390
assetVersion,40202,1783532391
latestLocalizationBundleVersion,_awO1yJZQYeVE2UTkjwULg,1783534609
latestGamedataVersion,0.40.1:KRWt-ywPSwm7NIK9VPshyA,1783534635
serverVersion,2046078,1784051685
serverVersion,2048857,1784654670
latestGamedataVersion,0.40.2:iZ0pi-pnTUW6jA7v7Lmvog,1784660222
assetVersion,100042,1784737785
assetVersion,100042,1784737786
latestLocalizationBundleVersion,6LiT3065SHOXRHxEjXeKRg,1784744285
latestGamedataVersion,0.40.2:rDQO5xs_RNCf5-fQ7uGG2w,1784744299
latestLocalizationBundleVersion,F2K9SgKJRpGFeT4C9dqhBQ,1784839077
latestGamedataVersion,0.40.2:ftEJu0gCSN-KjppLj6o1KQ,1784839089
latestGamedataVersion,0.40.2:Ad8NIoEjSterR5OOmkn9mw,1784928336
assetVersion,100043,1785253097
latestLocalizationBundleVersion,MQ6wxT78QUKYYWSf0FMT8w,1785258864
latestGamedataVersion,0.40.2:A0y4VNgeTKaWaXgEbWR2Lg,1785258876
serverVersion,2052517,1785261606
serverVersion,2055382,1785283387
latestGamedataVersion,0.40.2:q27-gLvqThGeu53SKByhjg,1785521119
serverVersion,2056045,1785864976
serverVersion,2059812,1785872562
assetVersion,100044,1785963118
latestLocalizationBundleVersion,PtxKIFUQS9CxHLRTNiLPmQ,1785964662
latestGamedataVersion,0.40.5:J1USyB5XSG-XU2m9t9XqjQ,1785964823
latestLocalizationBundleVersion,bc79IouQRamTlJtWi4D_kw,1786136954
latestGamedataVersion,0.40.5:RJAhxL8sTGS_f1S8K9y1uw,1786136963
serverVersion,2061297,1786470535
serverVersion,2063728,1786478440
serverVersion,2064030,1787075085
assetVersion,100046,1787160535
latestLocalizationBundleVersion,0-NMTeYTS0uVqoTYPs6Aiw,1787163376
latestGamedataVersion,0.40.5:yuaBipVOSmKgLHwE4y3rug,1787163386
serverVersion,2069598,1787681446
latestGamedataVersion,0.40.5:apGxXO3nR4qYy5LVX3XXfg,1787769839
serverVersion,2074779,1788286679
assetVersion,100048,1788369358
latestLocalizationBundleVersion,5j7RobghTkuIA1xrUHV1mw,1788373043
latestGamedataVersion,0.40.5:jvR43jFpQWShRhxx-fsOeA,1788373054
latestGamedataVersion,0.40.5:MoxBSQUYRjuplwCT1HagpQ,1788559179
serverVersion,2082844,1788976559
serverVersion,2083425,1789496477
assetVersion,100050,1789578570
latestLocalizationBundleVersion,JbmqKUkxRfyIvw2u3iiA5A,1789582716
latestGamedataVersion,0.40.5:M0CEGz4aQh6nu2BQ_-JgOg,1789582726
latestGamedataVersion,0.40.5:1yxdT9-cSDejlIJQcx3kiA,1789587799
latestGamedataVersion,0.40.5:CHG_XUnFR5uPPz6DgmcU6w,1789771775
serverVersion,2086299,1790098561
latestLocalizationBundleVersion,E3aqI4ZeRTKSnb13r4UYzg,1790187515
latestGamedataVersion,0.40.5:lVXov90TSkStiap2_qnJUA,1790187516
serverVersion,2091038,1790702632
assetVersion,100052,1790785080
latestLocalizationBundleVersion,LNJFBfJYSzucFO8xXYixIg,1790792286
latestGamedataVersion,0.40.6:Oq-TxiewST69Ow5E1gLW3g,1790792287
serverVersion,2094674,1791308129
